[
    {"id": "1", "link": "#", "src": "img/1", "type":"jpg"},
    {"id": "2", "link": "#", "src": "img/2", "type":"jpg"},
    {"id": "3", "link": "#", "src": "img/3", "type":"jpg"},
    {"id": "4", "link": "#", "src": "img/4", "type":"jpg"},
    {"id": "1", "link": "#", "src": "img/1", "type":"jpg"},
    {"id": "2", "link": "#", "src": "img/2", "type":"jpg"},
    {"id": "3", "link": "#", "src": "img/3", "type":"jpg"},
    {"id": "4", "link": "#", "src": "img/4", "type":"jpg"},
    {"id": "1", "link": "#", "src": "img/1", "type":"jpg"},
    {"id": "2", "link": "#", "src": "img/2", "type":"jpg"},
    {"id": "3", "link": "#", "src": "img/3", "type":"jpg"},
    {"id": "4", "link": "#", "src": "img/4", "type":"jpg"}
]